{
    "num_bands": 10,
    "left": {
        "en_ha": 0,
        "aligned": 1,
        "gain": 0,
        "g50": [
            0.0,
            0.0,
            0.0,
            0.0,
            0.0,
            0.0,
            0.0,
            0.0,
            0.0,
            0.0
        ],
        "g80": [
            0.0,
            0.0,
            0.0,
            0.0,
            0.0,
            0.0,
            0.0,
            0.0,
            0.0,
            0.0
        ],
        "knee_low": [
            45.0,
            45.0,
            45.0,
            45.0,
            45.0,
            45.0,
            45.0,
            45.0,
            45.0,
            45.0
        ],
        "mpo_band": [
            120.0,
            120.0,
            120.0,
            120.0,
            120.0,
            120.0,
            120.0,
            120.0,
            120.0,
            120.0
        ],
        "attack": [
            5.0,
            5.0,
            5.0,
            5.0,
            5.0,
            5.0,
            5.0,
            5.0,
            5.0,
            5.0
        ],
        "release": [
            20.0,
            20.0,
            20.0,
            20.0,
            20.0,
            20.0,
            20.0,
            20.0,
            20.0,
            20.0
        ],
        "global_mpo": 120.0,
        "noise_estimation_type": 0,
        "spectral_type": 0,
        "spectral_subtraction": 0.0,
        "freping": 0,
        "freping_alpha": [
            0.0,
            0.0,
            0.0,
            0.0,
            0.0,
            0.0,
            0.0,
            0.0,
            0.0,
            0.0
        ],
        "afc": 0,
        "afc_reset": 0,
        "afc_type": 3,
        "afc_delay": 4.6875,        
        "afc_mu": 0.004999999888241291,
        "afc_rho": 0.8999999761581421,
        "bf": 0,
        "bf_type": 3,
        "bf_mu": 0.009999999776482582,
        "bf_rho": 0.9850000143051148,
        "bf_delta": 9.999999974752428e-7,
        "bf_c": 0.0010000000474974514,
        "bf_power_estimate": 0.0,
        "bf_p": 1.2999999523162842,
        "bf_alpha": 0.0,
        "bf_beta": 150.0,
        "bf_fir_length": 319,
        "bf_delay_len": 160,
        "bf_nc_on_off": 0,
        "bf_amc_on_off": 0,
        "nc_thr": 1.0,
        "amc_thr": 2.0,
        "amc_forgetting_factor": 0.800000011920929,
        "alpha": 0.0,
        "audio_filename": "",
        "audio_reset": 0,
        "audio_play": 0,
        "audio_repeat": 0,
        "audio_recordfile": "sample.wav"
    },
    "right": {
        "en_ha": 0,
        "aligned": 1,
        "gain": 0,
        "g50": [
            0.0,
            0.0,
            0.0,
            0.0,
            0.0,
            0.0,
            0.0,
            0.0,
            0.0,
            0.0
        ],
        "g80": [
            0.0,
            0.0,
            0.0,
            0.0,
            0.0,
            0.0,
            0.0,
            0.0,
            0.0,
            0.0
        ],
        "knee_low": [
            45.0,
            45.0,
            45.0,
            45.0,
            45.0,
            45.0,
            45.0,
            45.0,
            45.0,
            45.0
        ],
        "mpo_band": [
            120.0,
            120.0,
            120.0,
            120.0,
            120.0,
            120.0,
            120.0,
            120.0,
            120.0,
            120.0
        ],
        "attack": [
            5.0,
            5.0,
            5.0,
            5.0,
            5.0,
            5.0,
            5.0,
            5.0,
            5.0,
            5.0
        ],
        "release": [
            20.0,
            20.0,
            20.0,
            20.0,
            20.0,
            20.0,
            20.0,
            20.0,
            20.0,
            20.0
        ],
        "global_mpo": 120.0,
        "noise_estimation_type": 0,
        "spectral_type": 0,
        "spectral_subtraction": 0.0,
        "freping": 0,
        "freping_alpha": [
            0.0,
            0.0,
            0.0,
            0.0,
            0.0,
            0.0,
            0.0,
            0.0,
            0.0,
            0.0
        ],
        "afc": 0,
        "afc_reset": 0,
        "afc_type": 3,
        "afc_delay": 4.6875,
        "afc_mu": 0.004999999888241291,
        "afc_rho": 0.8999999761581421,
        "alpha": 0.0,
        "audio_filename": "",
        "audio_reset": 0,
        "audio_play": 0,
        "audio_repeat": 0,
        "audio_recordfile": "sample.wav"
    }
}